<?xml version="1.0" encoding="UTF-8"?>
<jcr:root xmlns:sling="http://sling.apache.org/jcr/sling/1.0" xmlns:cq="http://www.day.com/jcr/cq/1.0" xmlns:jcr="http://www.jcp.org/jcr/1.0" xmlns:nt="http://www.jcp.org/jcr/nt/1.0"
    jcr:primaryType="cq:Page">
    <jcr:content
        cq:lastModified="{Date}2016-10-13T14:02:05.832+08:00"
        cq:lastModifiedBy="admin"
        cq:template="/libs/wcm/core/templates/designpage"
        jcr:primaryType="cq:PageContent"
        jcr:title="Training Design"
        sling:resourceType="wcm/core/components/designer">
        <page-content jcr:primaryType="nt:unstructured">
            <content
                jcr:lastModified="{Date}2016-10-13T14:02:05.831+08:00"
                jcr:lastModifiedBy="admin"
                jcr:primaryType="nt:unstructured"
                sling:resourceType="wcm/foundation/components/parsys"
                components="group:trainingPwC">
                <section jcr:primaryType="nt:unstructured"/>
            </content>
        </page-content>
    </jcr:content>
    <static.css/>
    <ui.widgets.css/>
    <images/>
    <profile.css/>
</jcr:root>
